CREATE DATABASE SQL_ASSIGNMENT2;
USE SQL_ASSIGNMENT;

CREATE TABLE STUDENT (
	SID INT PRIMARY KEY,
	SNAME VARCHAR(20),
	SEX VARCHAR(10), 
	AGE INT, 
	YEAR VARCHAR(5), 
	GPA FLOAT 
);

INSERT INTO STUDENT(SID,SNAME,SEX,AGE,YEAR,GPA)
VALUES
-- COMPUTER
(340,'SUKDEB MONDAL','M',20,'2ND',9.3),
(145,'SHEYA MONDAL','F',19,'1ST',7.3),
(261,'RAJKUMAR DAS','M',21,'2ND',8.7),

-- MATH
(257,'MANABI PATRA','M',25,'3RD',9.3),
(232,'BIRSTI MONDAL','F',18,'1ST',7.8),
(358,'SURYA BHOUMIK','M',20,'2ND',8.7),

-- PHY
(212,'ARKA BISWAS','M',21,'2ND',9.2),
(220,'RAJKUMAR BARMAN','M',20,'2ND',8.1),
(254,'SHOUMIK BISOYE','M',23,'D',7.3),
-- ENG
(102,'PRITAM DAS','M',20,'1ST',7.9),
(145,'SHIRSHA BHATTAVHARA','M',22,'2ND',8.6),
(165,'ARGHASHI SAHA','F',24,'3RD',9.2),
 -- cheMISTRY
 (412,'SOHAN DA','M',19,'1ST',7.9),
(414,'RAHUL MONDAL','M',20,'2ND',8.5),
(417,'AMIT GHOSH','M',23,'3RD',7.9);


CREATE TABLE DEPT(
	DNAME VARCHAR(30) PRIMARY KEY,
	NUMPHDS INT
);

INSERT INTO DEPT(DNAME, NUMPHDS)
VALUES
("COMPUTER SCIENCE",12),
("MATHEMATICS",8),
("PHYSICS",6),
("ENGLISH",7),
("CHEMISTRY",10);

CREATE TABLE PROF(
	PNAME VARCHAR(30) PRIMARY KEY, 
	DNAME VARCHAR(30),
    FOREIGN KEY (DNAME) REFERENCES DEPT(DNAME)
);

INSERT INTO PROF(PNAME,DNAME)
VALUES
('SAMARESH M','COMPUTER SCIENCE'),
('SARBAJIT M','COMPUTER SCIENCE'),
('ABHISEKH B','COMPUTER SCIENCE'),

('DEBANJAN M','MATHEMATICS'),
('SAPTARSHI K','MATHEMATICS'),
('SOUGATA M','MATHEMATICS'),

('SWAGATA D','PHYSICS'),
('JOYDIPM','PHYSICS'),
('ARKIT D','PHYSICS'),

('ARCHISMAN D','ENGLISH'),
('TAPASH G','ENGLISH'),

('JURAIN D','CHEMISTRY'),
('UTSAB M','CHEMISTRY');



CREATE TABLE COURSE(
	CNO INT PRIMARY KEY, 
	CNAME VARCHAR(20),
	DNAME VARCHAR(30),
	FOREIGN KEY (DNAME) REFERENCES DEPT(DNAME)
);

INSERT INTO COURSE(CNO,CNAME,DNAME)
VALUES
(101,"ML","COMPUTER SCIENCE"),
(102,"DL","COMPUTER SCIENCE"),
(103,"DBMS","COMPUTER SCIENCE"),

(201,"REAL ANALYSIS","MATHEMATICS"),
(202,"GRAPH THEORY","MATHEMATICS"),
(203,"GROUP THEORY","MATHEMATICS"),

(301,"OPTICS","PHYSICS"),
(302,"GEOPHYSICS","PHYSICS"),
(303,"HARMONIK","PHYSICS"),

(401,"THE MIDNIGHT EXPRESS","ENGLISH"),
(402,"THE EYES HAVE IT","ENGLISH"),
(403,"THE BLUE UMBRELLA","ENGLISH"),

(501,"ORIGANIK CHEMISTEY","CHEMISTRY"),
(502,"PHYSICAL CHEMISTRY","CHEMISTRY"),
(503,"BONDING STRUCTURE","CHEMISTRY");

CREATE TABLE MAJOR(
	 DNAME VARCHAR(30),
	 SID INT,
	FOREIGN KEY (SID) REFERENCES STUDENT(SID),
	FOREIGN KEY (DNAME) REFERENCES DEPT(DNAME)
);

INSERT INTO COURSE(CNO,CNAME,DNAME)
VALUES



CREATE TABLE SECTION(
	DNAME VARCHAR(30), 
	CNO INT, 
	SECTNO INT PRIMARY KEY, 
	PNAME VARCHAR(30),
    FOREIGN KEY (DNAME) REFERENCES DEPT(DNAME),
    FOREIGN KEY (CNO) REFERENCES COURSE(CNO),
    FOREIGN KEY (PNAME) REFERENCES PROF(PNAME)
);





CREATE TABLE ENROLL(
SID INT, 
GRADE VARCHAR(4), 
DNAME VARCHAR(30), 
CNO INT , 
SECTNO INT,
FOREIGN KEY (SID) REFERENCES STUDENT(SID),
FOREIGN KEY (DNAME) REFERENCES DEPT(DNAME),
FOREIGN KEY (CNO) REFERENCES COURSE(CNO),
FOREIGN KEY (SECTNO) REFERENCES SECTION(SECTNO)
);



